customer_id,customer_name,email,signup_date
C1000,Allison Hill,pgreen@hotmail.com,2023-10-12
C1001,Noah Rhodes,rsims@yahoo.com,2025-07-09
C1002,Angie Henderson,jimmy55@miller.com,2024-01-21
C1003,Daniel Wagner,perrymark@perry-clark.biz,2025-04-27
C1004,Cristian Santos,gateskathy@yahoo.com,2024-07-17
C1005,Connie Lawrence,benderkenneth@yahoo.com,2025-06-19
C1006,Abigail Shaffer,tracynelson@yahoo.com,2024-04-29
C1007,Gina Moore,rrogers@ramsey-pittman.com,2025-07-24
C1008,Gabrielle Davis,qvargas@miller.com,2023-08-22
C1009,Ryan Munoz,brentgray@gmail.com,2024-06-19
C1010,Monica Herrera,matthew64@yahoo.com,2023-09-12
C1011,Jamie Arnold,ruizkaitlyn@gmail.com,2024-06-04
C1012,Lisa Hensley,debraharrington@hotmail.com,2024-08-25
C1013,Michele Williams,herringjames@howell.com,2024-05-18
C1014,Dylan Miller,elliottjeffery@hotmail.com,2024-02-01
C1015,Brian Ramirez,gary91@gmail.com,2024-05-27
C1016,Holly Wood,lanesarah@hotmail.com,2023-10-04
C1017,Derek Zuniga,mdavid@gmail.com,2024-05-19
C1018,Lisa Jackson,terrykevin@burke.com,2024-01-23
C1019,Carla Gray,estanley@hotmail.com,2023-08-23
C1020,Margaret Hawkins DDS,atkinsonlynn@gmail.com,2024-04-05
C1021,Patty Perez,cynthia72@yahoo.com,2025-07-24
C1022,Ethan Adams,christina87@graham-simon.com,2023-10-17
C1023,Tommy Walter,mariahmiller@yahoo.com,2025-05-14
C1024,Matthew Foster,qhudson@rogers-snyder.com,2025-02-07
C1025,Judy Baker,zlewis@peterson-beard.com,2024-12-18
C1026,Justin Baker,christophercortez@peters-allen.info,2024-04-18
C1027,Stephanie Ross,fmcguire@yahoo.com,2025-04-07
C1028,Zachary Hicks,tholt@perkins.biz,2023-11-23
C1029,Anthony Rodriguez,jacqueline44@yahoo.com,2023-11-16
C1030,Rebecca Henderson,griffithleslie@herrera.com,2023-08-31
C1031,James Ferrell,jenny89@yahoo.com,2024-03-11
C1032,Tricia Valencia,kennethward@smith-ferguson.com,2025-07-14
C1033,Nathan Maldonado,tranheidi@little.com,2025-05-07
C1034,Debra Davidson,taylor75@sheppard.info,2024-08-02
C1035,Jeffrey Chavez,moralescharles@parks.com,2025-01-23
C1036,Sherri Baker,davidduran@carlson.biz,2025-05-08
C1037,Cassandra Gaines,levans@yahoo.com,2023-11-17
C1038,Elizabeth Fowler,lynchjody@gmail.com,2025-03-13
C1039,Brittany Farmer,donna23@arnold.com,2025-01-31
C1040,Paula Moreno,enorris@yahoo.com,2024-07-31
C1041,Fred Smith,keithcampbell@jones-hall.com,2024-07-15
C1042,Sherry Decker,owilson@hernandez.com,2024-11-21
C1043,Anthony Humphrey,brooke94@martinez-barker.biz,2023-08-06
C1044,Angelica Tucker,mkim@gmail.com,2025-07-05
C1045,Philip Cannon,cassandra01@gmail.com,2023-10-02
C1046,John Pierce,barbara27@pearson.org,2023-08-16
C1047,Shane Henderson,ecosta@yahoo.com,2024-02-16
C1048,Joshua Blair,manuel12@yahoo.com,2024-01-16
C1049,Eric Carney,zroberts@hotmail.com,2025-05-11
C1050,Jessica Holmes,qmiller@wilson-barton.net,2023-11-26
C1051,Danny Morgan,mgutierrez@cox.com,2024-10-01
C1052,Crystal Robinson,andrea47@washington.com,2025-08-01
C1053,Mark Perez,andrea86@walker.info,2025-02-16
C1054,Shannon Jones,tyronemoran@thornton.info,2024-11-16
C1055,Michael Lewis,yarnold@weeks.com,2024-09-14
C1056,Timothy Duncan,kendra65@adams.org,2024-06-25
C1057,Richard Aguirre,seanwashington@yahoo.com,2023-10-27
C1058,Brent Jordan,mcantu@hotmail.com,2025-03-26
C1059,John Daniel,xhall@williams-garner.biz,2024-03-12
C1060,Victoria Garcia,tylerjohnson@hotmail.com,2024-02-02
C1061,Gerald Hensley,sawyerscott@hotmail.com,2024-03-22
C1062,Connor West,bowenrobert@hotmail.com,2023-11-04
C1063,Donald Wright,harrisontanya@hanson-sanders.com,2023-09-08
C1064,Jessica Callahan,ofinley@hotmail.com,2024-02-03
C1065,Amber Kidd,williamsonjimmy@hotmail.com,2024-06-23
C1066,Tracy House,juliehamilton@gmail.com,2024-12-10
C1067,Carol Tucker,tjackson@williams.com,2025-04-09
C1068,James Brown,ryan38@yahoo.com,2024-11-27
C1069,William Baker,gregorylynch@harvey-allen.org,2024-07-22
C1070,Jordan Henderson,stevenking@estrada-nolan.info,2023-09-19
C1071,Whitney Peters,charleslandry@hotmail.com,2023-10-27
C1072,Brittney Phillips,dvaughn@yahoo.com,2025-05-12
C1073,Lauren Daniels,gcastaneda@james.org,2025-07-05
C1074,Amy Silva,andrew64@gmail.com,2024-08-24
C1075,Sarah Moore,swall@lawson.com,2024-11-07
C1076,Angela Lopez,erica21@lucas.org,2024-09-21
C1077,Megan Young,christopherphillips@hotmail.com,2023-08-14
C1078,Steve Sanchez,jamesbuchanan@yahoo.com,2024-12-04
C1079,Lisa Barnes,jonathansummers@yahoo.com,2024-09-05
C1080,Kelly Donovan,linda71@gmail.com,2024-10-21
C1081,Mike Allen,zcoffey@diaz.net,2024-02-05
C1082,Michael Evans,vrichardson@baker.com,2025-02-10
C1083,Paul Jones,thomasharvey@murphy.info,2023-11-21
C1084,Zachary Ferrell,cwilson@gmail.com,2024-03-15
C1085,Daniel Baker,pwilson@hotmail.com,2024-06-30
C1086,Shirley Suarez,qchavez@horton.com,2023-08-03
C1087,Christopher Bass,basschristina@yahoo.com,2024-11-21
C1088,Lisa Archer,jeff73@garcia-jennings.net,2024-05-02
C1089,Aimee Montoya,sandersjames@gmail.com,2024-02-04
C1090,Matthew Mcmillan,batesdarlene@hotmail.com,2024-10-18
C1091,Brian Rodriguez,buchananjohn@buchanan.com,2024-06-20
C1092,Denise Jacobs,lisahall@kramer.com,2023-12-25
C1093,Christina Walters,vanessafernandez@gmail.com,2024-12-30
C1094,John Whitehead,andersonmichael@chapman.com,2025-01-02
C1095,Anna Henderson,martinezrobert@gmail.com,2023-10-07
C1096,Aaron Wise,xwest@wheeler.org,2024-09-11
C1097,Deborah Figueroa,stephen00@boone-simmons.com,2024-05-08
C1098,Jessica Smith,fjones@yahoo.com,2023-09-23
C1099,Stephen Mckee,martinezclaudia@kelley.net,2024-09-13
C1100,Sandra Aguilar,bwagner@gmail.com,2024-09-27
C1101,Cameron Parker,russellbeasley@morgan-chavez.biz,2024-08-30
C1102,Rebecca Valencia,ronald45@mcdaniel.com,2025-04-03
C1103,Christine Wright,daviscolin@watson.net,2024-08-30
C1104,Richard Henson,jenkinsmorgan@yahoo.com,2024-10-05
C1105,Marc Moore,caroline51@romero.com,2023-08-17
C1106,Sharon Cherry,danny49@gmail.com,2024-05-31
C1107,Sierra Johnson,lynchdiane@hotmail.com,2025-06-10
C1108,Evelyn Galvan,whitejacqueline@yahoo.com,2024-08-01
C1109,Sharon Cochran,adam29@hotmail.com,2023-09-04
C1110,Richard Rodriguez,thomascynthia@gmail.com,2024-12-07
C1111,Shannon Walker,nicholaschavez@wood.com,2024-05-28
C1112,Julia Torres,moorekaren@craig.info,2024-05-17
C1113,Crystal Johnson,alawson@yahoo.com,2024-02-15
C1114,Garrett Lin,reeddaniel@gregory.com,2025-03-04
C1115,Diana May,djoyce@harris.com,2023-08-14
C1116,William Herrera,mark07@hotmail.com,2024-05-05
C1117,Ashley Waller,davidpatel@gmail.com,2025-04-05
C1118,Victor Baker,sandersjudy@yahoo.com,2023-09-23
C1119,Jeffrey Chandler,umorse@patterson.com,2024-04-25
C1120,Larry Dixon,usmith@solis.info,2024-02-05
C1121,Kenneth Scott,kimdaniel@yahoo.com,2025-02-21
C1122,April Frost,fosterkyle@yahoo.com,2024-12-24
C1123,Michelle Harmon,kimberly18@wilson.com,2024-12-01
C1124,Helen Jones,joelthomas@gmail.com,2023-10-21
C1125,Erin Edwards,kathleenrios@bean.info,2025-03-23
C1126,Michelle Evans,kmaldonado@hotmail.com,2024-10-26
C1127,Jason Powell,edward17@yahoo.com,2025-02-23
C1128,Cameron Fisher,brittany58@gmail.com,2025-03-11
C1129,Megan Orr,dhayes@yahoo.com,2024-04-16
C1130,Elizabeth Kelley,newmantiffany@gmail.com,2023-11-13
C1131,Dustin Jordan,ycarpenter@hotmail.com,2023-09-05
C1132,Mary Marshall,kstout@lopez.com,2024-05-01
C1133,Daniel Kennedy,shepherdmary@hotmail.com,2024-09-29
C1134,Rebecca Jackson,benjaminzimmerman@warren-bishop.com,2024-04-20
C1135,Jose Schultz,paul59@gmail.com,2025-04-24
C1136,Robert Potter,riveraangela@yahoo.com,2024-12-13
C1137,Courtney Gonzalez,jennifer92@yahoo.com,2023-12-15
C1138,David Alvarez,sabrinacollins@hale.com,2025-05-07
C1139,Angel Perry,vschneider@gmail.com,2025-03-29
C1140,Cheyenne Horton,bromero@parker-bean.com,2025-01-14
C1141,David Douglas Jr.,jeremytaylor@gmail.com,2024-07-27
C1142,Patricia Rodriguez,romeroamber@hotmail.com,2025-01-23
C1143,Christopher Rubio,nancy92@bennett.org,2024-08-07
C1144,Amber Wright,xwilliams@ball.info,2024-12-04
C1145,Joyce Solis,kylestokes@mckee-lee.org,2023-12-21
C1146,Victoria Larson,xhammond@yahoo.com,2025-04-23
C1147,Stephanie Salazar,lisasolis@gmail.com,2023-11-14
C1148,Kathy Rivas,davidsonmorgan@hotmail.com,2023-09-20
C1149,Stephanie Manning,mitchellkathryn@cole-palmer.biz,2025-02-08
